city,size,population,popDensity,cityName
1,192,379909,1978.6927083333333,Azzurropoli
2,91,453991,4988.912087912088,Biancavilla
3,363,271008,746.5785123966942,Lavandonia
4,454,152110,335.04405286343615,Celestopoli
5,394,52620,133.55329949238578,Plumbeopoli
6,183,303659,1659.3387978142077,Aranciopoli
